NUTS1;NUTS2;NUTS3;DISTRICT_CODE;SUB_DISTRICT_CODE;INCOME_TOTAL;INCOME_MEN;INCOME_WOMEN;AVERAGE_INCOME_TOTAL;AVERAGE_INCOME_MEN;AVERAGE_INCOME_WOMEN;AVERAGE_INCOME_FULLTIME_TOTAL;AVERAGE_INCOME_FULLTIME_MEN;AVERAGE_INCOME_FULLTIME_WOMEN;REF_DATE
AT1;AT13;AT130;90100;.;292.103.000;194.301.000;97.802.000;25.463;31.961;18.536;34.506;42.806;24.963;20021231
AT1;AT13;AT130;90200;.;919.962.000;559.682.000;360.280.000;16.439;18.301;14.282;22.015;24.312;19.067;20021231
AT1;AT13;AT130;90300;.;1.011.882.000;608.994.000;402.888.000;18.701;21.444;15.804;24.617;27.968;20.739;20021231
AT1;AT13;AT130;90400;.;402.479.000;243.807.000;158.672.000;20.325;23.641;16.876;27.348;31.586;22.539;20021231
AT1;AT13;AT130;90500;.;554.361.000;327.128.000;227.233.000;16.258;17.937;14.395;22.059;24.198;19.454;20021231
AT1;AT13;AT130;90600;.;388.253.000;229.738.000;158.515.000;18.724;21.260;16.069;25.294;28.491;21.628;20021231
AT1;AT13;AT130;90700;.;396.154.000;230.897.000;165.257.000;18.429;21.129;15.725;25.244;28.618;21.545;20021231
AT1;AT13;AT130;90800;.;326.678.000;191.925.000;134.753.000;20.108;23.342;16.931;27.602;31.529;23.310;20021231
AT1;AT13;AT130;90900;.;528.261.000;313.173.000;215.088.000;19.106;22.183;16.031;26.045;30.036;21.752;20021231
AT1;AT13;AT130;91000;.;1.667.870.000;1.012.406.000;655.464.000;16.707;18.657;14.478;21.465;23.616;18.680;20021231
AT1;AT13;AT130;91100;.;918.815.000;563.545.000;355.270.000;16.742;18.883;14.296;21.234;23.283;18.441;20021231
AT1;AT13;AT130;91200;.;886.854.000;530.666.000;356.188.000;16.950;18.884;14.794;22.119;24.436;19.282;20021231
AT1;AT13;AT130;91300;.;748.493.000;480.043.000;268.450.000;23.914;29.951;17.877;30.220;36.793;22.617;20021231
AT1;AT13;AT130;91400;.;1.042.449.000;630.278.000;412.171.000;19.511;22.571;16.300;24.584;28.033;20.581;20021231
AT1;AT13;AT130;91500;.;675.173.000;400.971.000;274.202.000;14.999;16.355;13.439;20.153;21.864;18.033;20021231
AT1;AT13;AT130;91600;.;975.788.000;578.010.000;397.778.000;16.330;18.004;14.465;21.412;23.688;18.735;20021231
AT1;AT13;AT130;91700;.;573.516.000;348.146.000;225.370.000;17.604;20.022;14.960;23.386;26.641;19.591;20021231
AT1;AT13;AT130;91800;.;634.549.000;389.461.000;245.088.000;20.413;24.325;16.466;27.123;31.758;21.854;20021231
AT1;AT13;AT130;91900;.;891.554.000;572.318.000;319.236.000;22.469;27.605;17.113;29.480;35.334;22.559;20021231
AT1;AT13;AT130;92000;.;771.487.000;464.248.000;307.239.000;15.696;17.143;13.986;20.817;22.595;18.542;20021231
AT1;AT13;AT130;92100;.;1.559.022.000;955.827.000;603.195.000;17.977;20.611;15.081;22.678;25.217;19.313;20021231
AT1;AT13;AT130;92200;.;1.844.167.000;1.136.589.000;707.578.000;18.915;22.016;15.577;23.416;26.217;19.692;20021231
AT1;AT13;AT130;92300;.;1.209.613.000;760.085.000;449.528.000;20.799;24.849;16.511;25.742;29.755;20.674;20021231
AT1;AT13;AT130;90100;.;288.833.000;193.956.000;94.877.000;26.571;33.764;18.907;37.151;45.846;26.751;20031231
AT1;AT13;AT130;90200;.;930.773.000;567.797.000;362.976.000;16.549;18.296;14.478;22.557;24.613;19.822;20031231
AT1;AT13;AT130;90300;.;1.025.151.000;617.133.000;408.018.000;18.940;21.523;16.150;25.451;28.709;21.574;20031231
AT1;AT13;AT130;90400;.;405.329.000;245.721.000;159.608.000;20.730;24.031;17.256;28.314;32.597;23.339;20031231
AT1;AT13;AT130;90500;.;562.823.000;331.907.000;230.916.000;16.402;17.976;14.633;22.822;24.807;20.350;20031231
AT1;AT13;AT130;90600;.;396.279.000;236.608.000;159.671.000;19.059;21.460;16.449;26.447;29.715;22.556;20031231
AT1;AT13;AT130;90700;.;399.941.000;231.107.000;168.834.000;18.941;21.490;16.388;26.079;29.158;22.680;20031231
AT1;AT13;AT130;90800;.;333.272.000;195.755.000;137.517.000;20.345;23.644;17.106;28.507;32.402;24.150;20031231
AT1;AT13;AT130;90900;.;530.457.000;317.171.000;213.286.000;19.141;21.776;16.336;26.679;30.090;22.708;20031231
AT1;AT13;AT130;91000;.;1.691.292.000;1.033.135.000;658.157.000;16.792;18.586;14.669;21.995;23.955;19.371;20031231
AT1;AT13;AT130;91100;.;925.120.000;569.139.000;355.981.000;16.838;18.937;14.403;21.841;23.853;19.045;20031231
AT1;AT13;AT130;91200;.;894.699.000;538.922.000;355.777.000;16.999;18.834;14.895;22.707;24.815;19.967;20031231
AT1;AT13;AT130;91300;.;747.993.000;482.967.000;265.026.000;24.149;29.800;18.220;31.110;36.866;23.777;20031231
AT1;AT13;AT130;91400;.;1.048.594.000;636.728.000;411.866.000;19.613;22.460;16.534;25.290;28.360;21.497;20031231
AT1;AT13;AT130;91500;.;678.267.000;408.668.000;269.599.000;14.998;16.321;13.415;20.656;22.233;18.559;20031231
AT1;AT13;AT130;91600;.;985.965.000;594.582.000;391.383.000;16.434;17.991;14.593;22.175;24.166;19.621;20031231
AT1;AT13;AT130;91700;.;582.679.000;355.721.000;226.958.000;17.713;19.906;15.215;24.377;27.243;20.751;20031231
AT1;AT13;AT130;91800;.;636.688.000;393.592.000;243.096.000;20.614;24.511;16.593;28.029;32.408;22.744;20031231
AT1;AT13;AT130;91900;.;884.833.000;564.111.000;320.722.000;22.458;27.421;17.292;30.305;35.710;23.702;20031231
AT1;AT13;AT130;92000;.;775.075.000;470.253.000;304.822.000;15.705;17.018;14.096;21.333;22.905;19.221;20031231
AT1;AT13;AT130;92100;.;1.569.339.000;962.041.000;607.298.000;18.070;20.582;15.264;23.321;25.754;20.005;20031231
AT1;AT13;AT130;92200;.;1.872.941.000;1.164.151.000;708.790.000;19.091;22.105;15.745;24.193;26.860;20.453;20031231
AT1;AT13;AT130;92300;.;1.210.574.000;761.743.000;448.831.000;20.869;24.792;16.651;26.455;30.095;21.620;20031231
AT1;AT13;AT130;90100;.;277.130.788;183.951.697;93.179.091;26.854;33.770;19.483;39.843;48.423;29.104;20041231
AT1;AT13;AT130;90200;.;932.529.740;560.699.642;371.830.098;16.640;18.263;14.746;23.817;25.622;21.358;20041231
AT1;AT13;AT130;90300;.;1.043.958.345;623.323.401;420.634.944;19.290;21.964;16.466;27.164;30.256;23.359;20041231
AT1;AT13;AT130;90400;.;414.601.295;252.203.186;162.398.109;21.126;24.824;17.320;30.706;35.255;25.275;20041231
AT1;AT13;AT130;90500;.;568.481.785;331.698.461;236.783.324;16.484;18.108;14.712;23.861;25.680;21.539;20041231
AT1;AT13;AT130;90600;.;395.666.454;235.115.978;160.550.477;19.132;21.560;16.530;27.688;30.743;23.930;20041231
AT1;AT13;AT130;90700;.;404.406.387;230.858.459;173.547.928;19.046;21.447;16.665;27.863;30.537;24.782;20041231
AT1;AT13;AT130;90800;.;335.297.341;195.514.877;139.782.464;20.645;23.832;17.516;30.679;34.865;25.958;20041231
AT1;AT13;AT130;90900;.;536.702.302;316.020.338;220.681.965;19.534;22.627;16.460;28.957;32.538;24.764;20041231
AT1;AT13;AT130;91000;.;1.704.108.186;1.036.285.972;667.822.214;16.765;18.542;14.680;22.693;24.423;20.261;20041231
AT1;AT13;AT130;91100;.;918.102.510;559.564.869;358.537.641;16.930;18.901;14.658;22.442;24.181;19.938;20041231
AT1;AT13;AT130;91200;.;900.455.841;539.516.236;360.939.604;17.126;19.039;14.974;23.702;25.590;21.156;20041231
AT1;AT13;AT130;91300;.;762.372.425;486.245.664;276.126.761;24.701;30.745;18.641;33.265;39.087;25.820;20041231
AT1;AT13;AT130;91400;.;1.044.488.584;630.564.798;413.923.786;19.809;22.804;16.637;26.705;29.629;22.923;20041231
AT1;AT13;AT130;91500;.;674.494.780;403.995.300;270.499.480;15.025;16.252;13.560;21.619;22.945;19.776;20041231
AT1;AT13;AT130;91600;.;992.802.257;590.336.262;402.465.995;16.576;18.087;14.835;23.321;25.168;20.897;20041231
AT1;AT13;AT130;91700;.;591.023.044;357.867.940;233.155.104;17.768;19.940;15.329;25.755;28.388;22.253;20041231
AT1;AT13;AT130;91800;.;645.719.513;399.904.377;245.815.136;20.915;25.061;16.671;30.226;34.714;24.548;20041231
AT1;AT13;AT130;91900;.;895.897.336;573.081.251;322.816.086;22.875;28.208;17.401;32.315;37.688;25.427;20041231
AT1;AT13;AT130;92000;.;776.085.488;469.828.406;306.257.081;15.783;17.145;14.128;22.290;23.773;20.211;20041231
AT1;AT13;AT130;92100;.;1.565.222.225;955.093.598;610.128.627;18.158;20.700;15.356;24.071;26.345;20.875;20041231
AT1;AT13;AT130;92200;.;1.885.539.825;1.166.555.108;718.984.716;19.355;22.477;15.953;25.110;27.664;21.416;20041231
AT1;AT13;AT130;92300;.;1.206.168.336;752.867.580;453.300.756;20.923;24.809;16.814;27.365;30.894;22.569;20041231
AT1;AT13;AT130;90100;.;290.489.718;191.054.403;99.435.315;28.638;35.904;21.011;41.870;50.072;31.727;20051231
AT1;AT13;AT130;90200;.;956.215.346;573.122.532;383.092.813;17.074;18.703;15.179;24.782;26.581;22.319;20051231
AT1;AT13;AT130;90300;.;1.072.113.328;641.268.191;430.845.137;19.799;22.520;16.910;28.143;31.188;24.313;20051231
AT1;AT13;AT130;90400;.;428.849.030;256.244.004;172.605.026;21.767;25.133;18.307;31.633;35.686;26.771;20051231
AT1;AT13;AT130;90500;.;583.671.634;340.876.261;242.795.372;16.873;18.436;15.143;24.880;26.855;22.402;20051231
AT1;AT13;AT130;90600;.;403.912.410;238.566.447;165.345.963;19.714;22.184;17.087;28.923;32.047;25.087;20051231
AT1;AT13;AT130;90700;.;422.161.996;242.141.283;180.020.713;19.778;22.475;17.133;29.211;32.179;25.755;20051231
AT1;AT13;AT130;90800;.;351.064.266;205.517.113;145.547.153;21.842;25.497;18.304;32.073;36.441;27.139;20051231
AT1;AT13;AT130;90900;.;546.489.425;323.343.469;223.145.956;20.203;23.577;16.877;30.070;33.998;25.427;20051231
AT1;AT13;AT130;91000;.;1.754.214.619;1.063.685.807;690.528.812;17.074;18.812;15.034;23.381;25.089;20.955;20051231
AT1;AT13;AT130;91100;.;933.092.319;568.959.191;364.133.128;17.367;19.343;15.075;23.395;25.117;20.895;20051231
AT1;AT13;AT130;91200;.;913.836.581;545.040.330;368.796.251;17.357;19.145;15.331;24.344;26.280;21.728;20051231
AT1;AT13;AT130;91300;.;784.330.142;500.342.239;283.987.902;25.382;31.628;19.132;34.924;41.185;26.993;20051231
AT1;AT13;AT130;91400;.;1.064.289.843;638.351.253;425.938.590;20.234;23.196;17.118;27.503;30.448;23.705;20051231
AT1;AT13;AT130;91500;.;691.243.582;413.063.343;278.180.239;15.376;16.622;13.891;22.327;23.612;20.511;20051231
AT1;AT13;AT130;91600;.;1.018.578.450;604.786.868;413.791.583;17.030;18.523;15.302;24.136;25.950;21.741;20051231
AT1;AT13;AT130;91700;.;605.707.057;366.058.055;239.649.002;18.260;20.538;15.729;26.467;29.153;22.942;20051231
AT1;AT13;AT130;91800;.;665.612.909;408.508.731;257.104.178;21.630;25.617;17.546;31.607;36.104;25.943;20051231
AT1;AT13;AT130;91900;.;905.900.694;576.533.042;329.367.653;23.232;28.546;17.810;33.300;38.754;26.302;20051231
AT1;AT13;AT130;92000;.;778.527.388;468.626.647;309.900.741;16.023;17.369;14.403;22.915;24.322;20.935;20051231
AT1;AT13;AT130;92100;.;1.608.019.095;980.167.969;627.851.126;18.547;21.146;15.691;24.873;27.169;21.629;20051231
AT1;AT13;AT130;92200;.;1.945.220.203;1.198.451.732;746.768.471;19.804;22.962;16.389;25.954;28.537;22.196;20051231
AT1;AT13;AT130;92300;.;1.245.347.544;774.558.605;470.788.939;21.544;25.498;17.380;28.482;32.059;23.625;20051231
AT1;AT13;AT130;90100;.;306.943.000;203.631.000;103.312.000;29.234;36.957;21.160;43.745;53.251;32.139;20061231
AT1;AT13;AT130;90200;.;1.009.346.000;604.121.000;405.225.000;17.458;19.051;15.597;25.504;27.331;23.009;20061231
AT1;AT13;AT130;90300;.;1.113.882.000;664.871.000;449.011.000;20.210;23.088;17.189;28.843;32.073;24.856;20061231
AT1;AT13;AT130;90400;.;448.861.000;269.489.000;179.372.000;22.350;25.922;18.674;32.387;36.704;27.193;20061231
AT1;AT13;AT130;90500;.;610.721.000;357.710.000;253.011.000;17.295;18.976;15.437;25.488;27.468;22.991;20061231
AT1;AT13;AT130;90600;.;423.827.000;246.795.000;177.032.000;20.273;22.768;17.686;29.645;32.953;25.787;20061231
AT1;AT13;AT130;90700;.;461.922.000;268.630.000;193.292.000;20.885;24.120;17.737;30.618;34.335;26.366;20061231
AT1;AT13;AT130;90800;.;372.464.000;219.141.000;153.323.000;22.329;26.086;18.679;33.076;37.892;27.665;20061231
AT1;AT13;AT130;90900;.;575.649.000;339.837.000;235.812.000;20.748;24.163;17.393;31.219;35.371;26.437;20061231
AT1;AT13;AT130;91000;.;1.828.447.000;1.108.671.000;719.776.000;17.257;18.984;15.220;23.757;25.399;21.416;20061231
AT1;AT13;AT130;91100;.;962.270.000;586.431.000;375.839.000;17.646;19.658;15.313;23.685;25.416;21.156;20061231
AT1;AT13;AT130;91200;.;946.949.000;561.602.000;385.347.000;17.446;19.188;15.485;24.782;26.580;22.379;20061231
AT1;AT13;AT130;91300;.;824.208.000;523.547.000;300.661.000;26.230;32.744;19.809;36.076;42.703;27.764;20061231
AT1;AT13;AT130;91400;.;1.104.238.000;658.318.000;445.920.000;20.510;23.360;17.514;27.963;30.788;24.360;20061231
AT1;AT13;AT130;91500;.;713.123.000;422.707.000;290.416.000;15.527;16.713;14.125;22.728;24.032;20.930;20061231
AT1;AT13;AT130;91600;.;1.055.139.000;625.897.000;429.242.000;17.170;18.734;15.374;24.574;26.366;22.200;20061231
AT1;AT13;AT130;91700;.;635.664.000;383.723.000;251.941.000;18.441;20.699;15.872;27.166;29.998;23.491;20061231
AT1;AT13;AT130;91800;.;698.501.000;428.477.000;270.024.000;22.139;26.614;17.706;32.371;36.934;26.662;20061231
AT1;AT13;AT130;91900;.;949.594.000;601.766.000;347.828.000;23.716;29.184;18.192;34.208;39.682;27.208;20061231
AT1;AT13;AT130;92000;.;817.104.000;491.233.000;325.871.000;16.339;17.723;14.676;23.404;24.853;21.359;20061231
AT1;AT13;AT130;92100;.;1.668.643.000;1.010.197.000;658.446.000;18.815;21.377;16.021;25.381;27.669;22.167;20061231
AT1;AT13;AT130;92200;.;2.041.952.000;1.258.414.000;783.538.000;20.296;23.591;16.746;26.508;29.152;22.692;20061231
AT1;AT13;AT130;92300;.;1.294.072.000;803.114.000;490.958.000;21.734;25.798;17.495;28.790;32.403;23.899;20061231
AT1;AT13;AT130;90100;.;330.627.648;222.163.769;108.463.879;31.095;40.019;21.791;44.693;54.225;33.510;20071231
AT1;AT13;AT130;90200;.;1.065.620.932;638.476.150;427.144.782;18.008;19.917;15.832;26.223;28.308;23.458;20071231
AT1;AT13;AT130;90300;.;1.176.856.127;699.317.756;477.538.371;20.908;23.979;17.742;29.890;33.294;25.762;20071231
AT1;AT13;AT130;90400;.;475.336.718;283.351.884;191.984.834;23.221;27.092;19.340;33.640;37.938;28.617;20071231
AT1;AT13;AT130;90500;.;637.657.397;370.235.348;267.422.048;17.682;19.416;15.796;26.163;28.367;23.481;20071231
AT1;AT13;AT130;90600;.;447.415.299;262.058.217;185.357.083;21.037;23.751;18.211;30.819;34.494;26.594;20071231
AT1;AT13;AT130;90700;.;478.243.350;272.280.108;205.963.242;21.191;24.355;18.205;31.309;34.789;27.458;20071231
AT1;AT13;AT130;90800;.;387.125.659;227.844.048;159.281.611;22.698;26.717;18.842;33.601;38.205;28.547;20071231
AT1;AT13;AT130;90900;.;604.368.144;357.092.705;247.275.439;21.359;25.027;17.786;32.260;36.655;27.332;20071231
AT1;AT13;AT130;91000;.;1.904.193.093;1.147.738.836;756.454.257;17.454;19.251;15.370;24.156;25.895;21.729;20071231
AT1;AT13;AT130;91100;.;1.029.558.158;625.887.858;403.670.300;17.984;20.050;15.597;24.159;26.005;21.493;20071231
AT1;AT13;AT130;91200;.;995.810.027;588.434.967;407.375.059;17.926;19.705;15.933;25.263;27.142;22.787;20071231
AT1;AT13;AT130;91300;.;853.690.840;540.643.667;313.047.173;26.946;33.693;20.356;37.175;44.095;28.700;20071231
AT1;AT13;AT130;91400;.;1.151.891.742;686.124.742;465.767.000;20.966;24.002;17.806;28.742;31.833;24.869;20071231
AT1;AT13;AT130;91500;.;740.478.387;434.973.812;305.504.575;15.800;16.995;14.413;23.157;24.540;21.319;20071231
AT1;AT13;AT130;91600;.;1.095.592.531;638.754.163;456.838.367;17.612;19.144;15.903;25.117;26.903;22.829;20071231
AT1;AT13;AT130;91700;.;657.155.869;391.918.087;265.237.782;18.879;21.219;16.345;27.731;30.694;23.967;20071231
AT1;AT13;AT130;91800;.;754.922.668;469.045.189;285.877.479;23.280;28.603;18.107;34.507;40.471;27.422;20071231
AT1;AT13;AT130;91900;.;1.004.936.960;636.973.876;367.963.084;24.683;30.390;18.941;35.447;41.388;28.051;20071231
AT1;AT13;AT130;92000;.;850.636.474;503.972.714;346.663.761;16.650;17.982;15.086;23.803;25.236;21.860;20071231
AT1;AT13;AT130;92100;.;1.740.717.411;1.044.022.588;696.694.823;19.212;21.753;16.473;25.776;27.969;22.757;20071231
AT1;AT13;AT130;92200;.;2.137.264.088;1.302.943.416;834.320.672;20.599;23.915;17.092;27.125;29.792;23.355;20071231
AT1;AT13;AT130;92300;.;1.356.687.126;834.953.470;521.733.656;22.379;26.600;18.046;29.586;33.418;24.477;20071231
AT1;AT13;AT130;90100;.;334.719.126;217.764.204;116.954.922;31.213;38.870;23.253;47.085;55.920;36.450;20081231
AT1;AT13;AT130;90200;.;1.125.428.256;672.995.339;452.432.917;18.481;20.406;16.286;27.165;29.255;24.316;20081231
AT1;AT13;AT130;90300;.;1.233.293.150;731.149.554;502.143.596;21.410;24.565;18.171;30.883;34.378;26.575;20081231
AT1;AT13;AT130;90400;.;497.538.537;297.351.540;200.186.998;23.552;27.510;19.557;35.067;39.608;29.616;20081231
AT1;AT13;AT130;90500;.;669.614.425;386.583.328;283.031.098;18.203;19.792;16.462;27.067;28.943;24.700;20081231
AT1;AT13;AT130;90600;.;468.674.488;273.405.090;195.269.398;21.462;24.269;18.572;31.850;35.460;27.540;20081231
AT1;AT13;AT130;90700;.;506.038.244;287.834.926;218.203.318;21.804;25.086;18.703;32.710;36.169;28.804;20081231
AT1;AT13;AT130;90800;.;404.071.689;234.589.611;169.482.078;22.995;27.092;19.155;34.628;38.785;29.974;20081231
AT1;AT13;AT130;90900;.;632.466.925;370.620.062;261.846.863;21.702;25.390;18.147;33.347;37.527;28.556;20081231
AT1;AT13;AT130;91000;.;2.013.151.157;1.210.815.085;802.336.073;17.891;19.717;15.777;24.814;26.454;22.463;20081231
AT1;AT13;AT130;91100;.;1.099.174.922;666.296.065;432.878.857;18.387;20.534;15.932;24.709;26.367;22.262;20081231
AT1;AT13;AT130;91200;.;1.060.917.227;628.456.773;432.460.453;18.312;20.190;16.209;26.052;27.826;23.625;20081231
AT1;AT13;AT130;91300;.;882.521.206;553.535.386;328.985.820;27.141;33.790;20.709;37.714;44.124;29.616;20081231
AT1;AT13;AT130;91400;.;1.201.103.532;707.949.324;493.154.207;21.424;24.470;18.306;29.612;32.454;25.930;20081231
AT1;AT13;AT130;91500;.;780.521.905;455.477.895;325.044.010;16.157;17.383;14.754;23.897;25.119;22.223;20081231
AT1;AT13;AT130;91600;.;1.147.531.610;670.585.234;476.946.376;18.027;19.657;16.213;25.941;27.618;23.704;20081231
AT1;AT13;AT130;91700;.;699.153.723;419.506.750;279.646.972;19.463;21.954;16.748;28.867;31.916;24.926;20081231
AT1;AT13;AT130;91800;.;770.960.480;470.251.392;300.709.088;23.592;28.593;18.763;34.877;40.039;28.509;20081231
AT1;AT13;AT130;91900;.;1.058.217.328;672.473.083;385.744.245;25.329;31.232;19.349;36.877;43.130;28.821;20081231
AT1;AT13;AT130;92000;.;891.045.632;526.085.621;364.960.011;17.035;18.418;15.427;24.459;25.816;22.584;20081231
AT1;AT13;AT130;92100;.;1.826.918.707;1.093.357.366;733.561.341;19.578;22.173;16.789;26.552;28.721;23.488;20081231
AT1;AT13;AT130;92200;.;2.273.130.160;1.381.015.257;892.114.903;21.222;24.632;17.636;27.986;30.563;24.281;20081231
AT1;AT13;AT130;92300;.;1.405.102.862;860.494.642;544.608.220;22.899;27.182;18.542;30.505;34.218;25.464;20081231
AT1;AT13;AT130;90100;.;337.318.585;221.812.836;115.505.749;32.264;40.505;23.665;50.015;59.822;37.941;20091231
AT1;AT13;AT130;90200;.;1.126.424.196;661.374.170;465.050.026;19.023;20.700;17.125;28.410;30.350;25.834;20091231
AT1;AT13;AT130;90300;.;1.244.894.423;730.904.132;513.990.291;22.075;25.329;18.795;32.226;35.779;27.896;20091231
AT1;AT13;AT130;90400;.;498.744.412;295.172.747;203.571.665;24.303;28.139;20.444;36.504;40.619;31.575;20091231
AT1;AT13;AT130;90500;.;678.912.242;390.833.095;288.079.147;18.810;20.443;17.027;28.284;30.129;25.932;20091231
AT1;AT13;AT130;90600;.;462.220.613;267.760.020;194.460.593;21.954;24.614;19.203;33.180;36.650;29.094;20091231
AT1;AT13;AT130;90700;.;516.320.526;290.166.048;226.154.478;22.700;25.665;19.874;34.272;37.494;30.650;20091231
AT1;AT13;AT130;90800;.;403.491.573;233.223.334;170.268.239;23.676;27.475;20.037;36.436;40.758;31.474;20091231
AT1;AT13;AT130;90900;.;631.034.371;363.808.501;267.225.870;22.448;25.874;19.150;35.008;38.942;30.517;20091231
AT1;AT13;AT130;91000;.;1.995.127.654;1.184.289.198;810.838.456;18.342;20.036;16.398;25.785;27.357;23.562;20091231
AT1;AT13;AT130;91100;.;1.134.765.563;680.165.408;454.600.155;18.877;20.837;16.631;25.626;27.204;23.320;20091231
AT1;AT13;AT130;91200;.;1.061.493.562;620.246.522;441.247.040;18.857;20.607;16.917;27.061;28.783;24.736;20091231
AT1;AT13;AT130;91300;.;886.241.281;551.250.579;334.990.702;27.988;34.561;21.612;39.131;45.309;31.365;20091231
AT1;AT13;AT130;91400;.;1.211.816.171;707.848.759;503.967.412;22.079;25.113;19.000;30.961;33.979;27.149;20091231
AT1;AT13;AT130;91500;.;786.028.682;453.605.022;332.423.660;16.680;17.880;15.327;24.979;26.258;23.262;20091231
AT1;AT13;AT130;91600;.;1.152.070.462;666.740.088;485.330.374;18.615;20.112;16.947;27.176;28.935;24.883;20091231
AT1;AT13;AT130;91700;.;711.007.792;422.967.130;288.040.663;20.297;23.015;17.410;29.971;32.670;26.479;20091231
AT1;AT13;AT130;91800;.;762.784.456;457.542.538;305.241.918;23.927;28.553;19.457;36.056;41.063;29.982;20091231
AT1;AT13;AT130;91900;.;1.053.891.808;660.267.256;393.624.552;25.828;31.525;20.106;38.430;44.491;30.743;20091231
AT1;AT13;AT130;92000;.;894.780.246;522.766.025;372.014.221;17.652;19.014;16.089;25.401;26.640;23.691;20091231
AT1;AT13;AT130;92100;.;1.860.993.991;1.102.040.673;758.953.318;20.266;22.749;17.605;27.682;29.837;24.677;20091231
AT1;AT13;AT130;92200;.;2.337.650.248;1.407.182.924;930.467.324;21.782;25.094;18.310;29.173;31.768;25.476;20091231
AT1;AT13;AT130;92300;.;1.412.464.045;855.158.829;557.305.216;23.408;27.464;19.273;31.547;35.030;26.866;20091231
AT1;AT13;AT130;90100;.;332.815.734;219.606.774;113.208.960;33.419;42.167;24.310;52.767;62.858;40.002;20101231
AT1;AT13;AT130;90200;.;1.155.657.937;675.817.826;479.840.112;18.998;20.655;17.136;28.573;30.378;26.127;20101231
AT1;AT13;AT130;90300;.;1.255.672.729;734.456.548;521.216.181;22.166;25.291;19.009;33.076;36.415;28.971;20101231
AT1;AT13;AT130;90400;.;491.190.389;290.740.036;200.450.353;24.069;28.164;20.038;37.297;42.193;31.444;20101231
AT1;AT13;AT130;90500;.;673.229.660;384.688.717;288.540.943;18.659;20.231;16.954;28.382;30.091;26.186;20101231
AT1;AT13;AT130;90600;.;460.234.476;267.019.737;193.214.739;22.083;24.979;19.145;34.072;37.812;29.560;20101231
AT1;AT13;AT130;90700;.;501.999.987;284.273.956;217.726.031;22.694;25.755;19.758;34.824;38.082;31.064;20101231
AT1;AT13;AT130;90800;.;379.861.056;216.108.424;163.752.632;23.247;26.591;20.061;36.454;40.208;32.181;20101231
AT1;AT13;AT130;90900;.;622.976.885;357.437.003;265.539.882;22.324;25.517;19.225;35.498;39.431;31.000;20101231
AT1;AT13;AT130;91000;.;2.016.442.240;1.196.031.990;820.410.250;18.186;19.828;16.298;25.772;27.142;23.779;20101231
AT1;AT13;AT130;91100;.;1.148.166.095;682.534.302;465.631.793;18.780;20.685;16.630;25.709;27.131;23.607;20101231
AT1;AT13;AT130;91200;.;1.054.127.352;612.207.646;441.919.706;18.695;20.333;16.884;27.134;28.579;25.138;20101231
AT1;AT13;AT130;91300;.;856.480.498;524.330.605;332.149.893;27.656;33.933;21.695;39.661;45.818;31.909;20101231
AT1;AT13;AT130;91400;.;1.209.406.213;697.886.608;511.519.605;21.692;24.483;18.889;30.697;33.275;27.443;20101231
AT1;AT13;AT130;91500;.;775.056.656;445.299.197;329.757.459;16.571;17.676;15.323;25.085;26.054;23.744;20101231
AT1;AT13;AT130;91600;.;1.151.764.261;660.664.271;491.099.991;18.550;19.979;16.979;27.137;28.623;25.166;20101231
AT1;AT13;AT130;91700;.;688.073.785;405.551.512;282.522.273;19.845;22.272;17.272;30.149;32.573;26.863;20101231
AT1;AT13;AT130;91800;.;759.309.394;455.681.458;303.627.936;24.232;29.104;19.574;36.963;42.017;30.778;20101231
AT1;AT13;AT130;91900;.;1.038.002.850;649.474.106;388.528.744;25.539;31.191;19.902;38.716;44.716;31.013;20101231
AT1;AT13;AT130;92000;.;911.841.222;531.856.198;379.985.024;17.455;18.722;15.993;25.516;26.560;24.033;20101231
AT1;AT13;AT130;92100;.;1.888.189.257;1.106.295.102;781.894.155;20.218;22.707;17.613;27.802;29.786;25.052;20101231
AT1;AT13;AT130;92200;.;2.389.542.769;1.417.401.444;972.141.325;21.934;25.203;18.591;29.381;31.837;25.939;20101231
AT1;AT13;AT130;92300;.;1.432.397.178;856.179.144;576.218.034;23.242;27.229;19.273;31.653;34.918;27.264;20101231
AT1;AT13;AT130;90100;.;343.796.627;224.833.818;118.962.808;34.333;42.585;25.605;53.082;62.102;41.994;20111231
AT1;AT13;AT130;90200;.;1.203.578.277;701.063.406;502.514.871;18.838;20.437;17.047;28.947;30.621;26.660;20111231
AT1;AT13;AT130;90300;.;1.294.785.543;761.001.758;533.783.784;22.054;25.152;18.898;33.536;36.930;29.273;20111231
AT1;AT13;AT130;90400;.;501.993.547;295.600.763;206.392.784;23.672;27.557;19.862;37.539;41.819;32.425;20111231
AT1;AT13;AT130;90500;.;688.914.810;391.128.771;297.786.040;18.532;20.023;16.928;28.622;30.248;26.528;20111231
AT1;AT13;AT130;90600;.;476.063.891;274.648.056;201.415.835;21.989;24.772;19.168;34.513;38.191;30.102;20111231
AT1;AT13;AT130;90700;.;518.118.193;292.599.573;225.518.620;22.659;25.823;19.663;35.408;38.529;31.787;20111231
AT1;AT13;AT130;90800;.;395.074.477;226.840.619;168.233.858;23.262;26.869;19.829;37.317;41.277;32.721;20111231
AT1;AT13;AT130;90900;.;643.841.659;368.058.098;275.783.562;22.229;25.361;19.209;36.284;40.147;31.833;20111231
AT1;AT13;AT130;91000;.;2.068.160.761;1.227.131.787;841.028.974;18.012;19.581;16.197;25.880;27.122;24.032;20111231
AT1;AT13;AT130;91100;.;1.189.842.984;707.193.693;482.649.290;18.958;20.881;16.792;26.008;27.378;23.957;20111231
AT1;AT13;AT130;91200;.;1.080.309.105;629.134.930;451.174.175;18.486;20.069;16.720;27.330;28.705;25.385;20111231
AT1;AT13;AT130;91300;.;872.524.690;535.333.847;337.190.844;27.763;34.204;21.671;40.116;46.201;32.408;20111231
AT1;AT13;AT130;91400;.;1.239.051.043;715.190.394;523.860.649;21.670;24.414;18.907;31.227;33.783;27.904;20111231
AT1;AT13;AT130;91500;.;799.329.590;459.639.537;339.690.053;16.416;17.342;15.347;25.289;26.189;24.016;20111231
AT1;AT13;AT130;91600;.;1.188.121.401;683.026.904;505.094.497;18.251;19.548;16.800;27.301;28.646;25.487;20111231
AT1;AT13;AT130;91700;.;706.472.600;415.709.327;290.763.273;19.510;21.761;17.109;30.594;33.120;27.204;20111231
AT1;AT13;AT130;91800;.;768.979.978;459.492.996;309.486.981;23.771;28.412;19.339;36.979;41.831;31.041;20111231
AT1;AT13;AT130;91900;.;1.061.514.185;661.784.125;399.730.060;25.372;30.828;19.915;39.197;45.084;31.641;20111231
AT1;AT13;AT130;92000;.;936.148.830;544.214.054;391.934.776;17.334;18.534;15.951;25.798;26.731;24.439;20111231
AT1;AT13;AT130;92100;.;1.958.993.025;1.149.129.979;809.863.046;20.325;22.816;17.706;28.091;30.093;25.281;20111231
AT1;AT13;AT130;92200;.;2.486.902.806;1.467.714.564;1.019.188.241;22.026;25.197;18.790;29.724;32.105;26.349;20111231
AT1;AT13;AT130;92300;.;1.466.215.847;872.954.280;593.261.567;23.303;27.206;19.423;32.006;35.123;27.767;20111231
AT1;AT13;AT130;90100;.;330.576.105;207.861.677;122.714.428;33.111;40.707;25.496;51.967;60.655;41.769;20121231
AT1;AT13;AT130;90200;.;1.275.308.269;744.728.271;530.579.998;19.315;21.113;17.324;29.768;31.525;27.331;20121231
AT1;AT13;AT130;90300;.;1.371.257.282;806.630.300;564.626.981;22.551;25.794;19.253;34.400;37.926;29.932;20121231
AT1;AT13;AT130;90400;.;525.415.040;311.502.190;213.912.850;24.524;28.700;20.400;39.133;43.361;33.853;20121231
AT1;AT13;AT130;90500;.;713.704.094;404.261.327;309.442.768;18.736;20.265;17.102;29.199;30.723;27.234;20121231
AT1;AT13;AT130;90600;.;495.251.296;284.978.942;210.272.354;22.183;24.984;19.359;35.085;38.622;30.880;20121231
AT1;AT13;AT130;90700;.;539.508.276;300.724.867;238.783.410;22.992;25.964;20.199;36.412;39.328;33.072;20121231
AT1;AT13;AT130;90800;.;408.734.515;235.220.633;173.513.883;23.362;27.110;19.791;38.302;42.612;33.249;20121231
AT1;AT13;AT130;90900;.;678.787.085;390.454.023;288.333.061;22.719;26.121;19.443;37.173;41.169;32.548;20121231
AT1;AT13;AT130;91000;.;2.146.422.913;1.276.167.051;870.255.862;18.184;19.719;16.389;26.333;27.481;24.579;20121231
AT1;AT13;AT130;91100;.;1.228.295.565;730.279.042;498.016.523;19.209;21.188;16.980;26.472;27.904;24.305;20121231
AT1;AT13;AT130;91200;.;1.129.976.545;655.916.711;474.059.834;18.729;20.359;16.925;27.823;29.138;25.952;20121231
AT1;AT13;AT130;91300;.;897.146.594;541.634.045;355.512.549;27.927;33.912;22.273;40.994;46.845;33.650;20121231
AT1;AT13;AT130;91400;.;1.298.030.355;753.559.083;544.471.272;22.113;24.975;19.207;31.959;34.549;28.537;20121231
AT1;AT13;AT130;91500;.;852.134.921;491.473.581;360.661.340;16.688;17.712;15.507;25.772;26.654;24.514;20121231
AT1;AT13;AT130;91600;.;1.256.608.585;724.641.476;531.967.109;18.578;19.983;17.009;28.009;29.417;26.052;20121231
AT1;AT13;AT130;91700;.;731.050.280;426.793.008;304.257.272;19.531;21.753;17.177;30.669;33.018;27.479;20121231
AT1;AT13;AT130;91800;.;804.685.370;475.312.443;329.372.927;24.171;28.808;19.817;38.261;43.199;32.263;20121231
AT1;AT13;AT130;91900;.;1.106.484.211;691.014.573;415.469.638;25.826;31.546;20.145;39.787;45.845;32.079;20121231
AT1;AT13;AT130;92000;.;963.472.272;557.579.397;405.892.876;17.548;18.702;16.220;26.287;27.281;24.860;20121231
AT1;AT13;AT130;92100;.;2.038.041.686;1.190.170.084;847.871.602;20.566;22.980;18.030;28.624;30.420;26.071;20121231
AT1;AT13;AT130;92200;.;2.615.813.406;1.539.218.924;1.076.594.482;22.440;25.666;19.164;30.392;32.688;27.106;20121231
AT1;AT13;AT130;92300;.;1.518.149.700;899.263.515;618.886.186;23.620;27.422;19.839;32.384;35.295;28.392;20121231
AT1;AT13;AT130;90100;.;330.991.192;208.208.173;122.783.019;32.852;40.698;25.177;52.982;62.375;41.966;20131231
AT1;AT13;AT130;90200;.;1.340.350.146;780.592.429;559.757.717;19.519;21.331;17.527;30.331;32.128;27.863;20131231
AT1;AT13;AT130;90300;.;1.406.613.969;819.462.912;587.151.056;22.519;25.580;19.432;34.612;37.903;30.469;20131231
AT1;AT13;AT130;90400;.;529.991.614;312.753.231;217.238.383;24.208;28.353;20.151;39.000;43.572;33.384;20131231
AT1;AT13;AT130;90500;.;731.418.502;415.545.134;315.873.368;18.801;20.297;17.186;29.760;31.188;27.876;20131231
AT1;AT13;AT130;90600;.;507.858.213;292.284.049;215.574.164;22.133;25.035;19.241;35.781;39.379;31.486;20131231
AT1;AT13;AT130;90700;.;554.171.851;309.648.722;244.523.129;23.093;26.115;20.245;37.215;40.338;33.618;20131231
AT1;AT13;AT130;90800;.;418.842.630;240.353.967;178.488.663;23.336;26.839;19.986;38.729;42.558;34.189;20131231
AT1;AT13;AT130;90900;.;690.020.639;392.372.125;297.648.514;22.492;25.629;19.491;37.205;40.813;33.031;20131231
AT1;AT13;AT130;91000;.;2.203.581.711;1.306.121.659;897.460.052;18.239;19.694;16.534;26.782;27.879;25.115;20131231
AT1;AT13;AT130;91100;.;1.254.509.130;744.820.409;509.688.721;19.369;21.378;17.123;26.979;28.372;24.842;20131231
AT1;AT13;AT130;91200;.;1.153.609.375;669.175.974;484.433.400;18.743;20.306;17.009;28.255;29.515;26.448;20131231
AT1;AT13;AT130;91300;.;901.888.945;542.689.458;359.199.486;27.581;33.355;22.140;40.629;46.322;33.462;20131231
AT1;AT13;AT130;91400;.;1.328.758.466;764.971.615;563.786.851;22.233;24.936;19.501;32.395;34.735;29.292;20131231
AT1;AT13;AT130;91500;.;878.384.860;505.777.773;372.607.087;16.766;17.716;15.666;26.285;27.089;25.140;20131231
AT1;AT13;AT130;91600;.;1.287.589.978;734.965.343;552.624.635;18.701;20.019;17.247;28.501;29.751;26.783;20131231
AT1;AT13;AT130;91700;.;754.209.489;441.732.098;312.477.391;19.665;21.830;17.348;30.984;33.122;28.000;20131231
AT1;AT13;AT130;91800;.;820.436.350;481.584.827;338.851.522;24.150;28.654;19.960;38.803;43.733;32.905;20131231
AT1;AT13;AT130;91900;.;1.107.901.106;682.281.656;425.619.450;25.588;30.929;20.328;40.146;45.955;32.708;20131231
AT1;AT13;AT130;92000;.;986.479.833;569.652.369;416.827.464;17.657;18.805;16.342;26.765;27.621;25.520;20131231
AT1;AT13;AT130;92100;.;2.100.275.700;1.229.201.418;871.074.282;20.869;23.169;18.412;29.218;31.068;26.581;20131231
AT1;AT13;AT130;92200;.;2.696.924.333;1.585.265.169;1.111.659.164;22.515;25.688;19.290;30.841;33.112;27.587;20131231
AT1;AT13;AT130;92300;.;1.561.501.548;927.206.622;634.294.926;23.940;27.688;20.171;33.122;36.270;28.817;20131231
AT1;AT13;AT130;90100;.;356.610.417;227.743.353;128.867.063;32.493;40.078;24.797;54.430;64.346;42.563;20141231
AT1;AT13;AT130;90200;.;1.371.165.509;797.143.010;574.022.499;19.887;21.746;17.848;30.918;32.839;28.276;20141231
AT1;AT13;AT130;90300;.;1.452.682.127;844.921.251;607.760.876;23.026;26.073;19.937;35.240;38.555;31.065;20141231
AT1;AT13;AT130;90400;.;537.654.807;318.118.406;219.536.400;24.199;28.316;20.148;39.015;43.177;33.728;20141231
AT1;AT13;AT130;90500;.;746.493.281;421.658.287;324.834.994;18.952;20.340;17.454;30.117;31.566;28.225;20141231
AT1;AT13;AT130;90600;.;514.854.103;295.061.094;219.793.009;22.505;25.257;19.731;35.881;39.407;31.664;20141231
AT1;AT13;AT130;90700;.;564.705.041;317.022.185;247.682.856;23.505;26.313;20.777;37.625;40.865;33.856;20141231
AT1;AT13;AT130;90800;.;422.726.033;241.991.339;180.734.695;23.590;26.973;20.323;39.501;43.481;34.687;20141231
AT1;AT13;AT130;90900;.;694.455.394;393.124.406;301.330.988;22.703;25.721;19.812;37.690;41.714;33.109;20141231
AT1;AT13;AT130;91000;.;2.256.340.321;1.338.298.283;918.042.038;18.340;19.765;16.657;27.009;28.189;25.208;20141231
AT1;AT13;AT130;91100;.;1.274.738.643;753.758.855;520.979.788;19.489;21.418;17.327;27.184;28.529;25.131;20141231
AT1;AT13;AT130;91200;.;1.180.468.700;686.548.906;493.919.794;18.983;20.542;17.233;28.529;29.831;26.644;20141231
AT1;AT13;AT130;91300;.;914.443.418;551.408.466;363.034.952;27.604;33.517;22.037;41.384;47.332;33.762;20141231
AT1;AT13;AT130;91400;.;1.354.712.987;780.157.906;574.555.081;22.388;24.970;19.744;32.572;34.840;29.542;20141231
AT1;AT13;AT130;91500;.;896.567.081;516.202.197;380.364.885;16.799;17.725;15.722;26.527;27.489;25.164;20141231
AT1;AT13;AT130;91600;.;1.313.190.441;750.347.058;562.843.384;18.733;20.073;17.253;28.868;30.163;27.054;20141231
AT1;AT13;AT130;91700;.;773.010.999;449.415.052;323.595.947;19.642;21.616;17.517;31.195;33.364;28.213;20141231
AT1;AT13;AT130;91800;.;823.165.897;479.264.827;343.901.069;24.164;28.397;20.197;38.995;43.525;33.492;20141231
AT1;AT13;AT130;91900;.;1.121.655.625;690.109.631;431.545.994;25.803;31.082;20.564;40.792;46.614;33.186;20141231
AT1;AT13;AT130;92000;.;999.405.441;578.415.279;420.990.162;17.861;19.012;16.531;27.181;28.102;25.837;20141231
AT1;AT13;AT130;92100;.;2.153.512.515;1.254.268.324;899.244.190;21.104;23.448;18.626;29.551;31.427;26.875;20141231
AT1;AT13;AT130;92200;.;2.791.024.247;1.635.868.641;1.155.155.606;22.830;26.022;19.593;31.231;33.550;27.908;20141231
AT1;AT13;AT130;92300;.;1.570.607.742;932.959.804;637.647.938;24.061;27.771;20.302;33.328;36.409;29.009;20141231
AT1;AT13;AT130;90100;.;.;.;.;31.526;39.276;23.834;54.551;64.011;42.660;20151231
AT1;AT13;AT130;90200;.;.;.;.;20.289;22.057;18.340;31.915;33.666;29.490;20151231
AT1;AT13;AT130;90300;.;.;.;.;23.269;26.160;20.329;36.202;39.396;32.148;20151231
AT1;AT13;AT130;90400;.;.;.;.;24.022;27.449;20.537;39.731;44.001;34.395;20151231
AT1;AT13;AT130;90500;.;.;.;.;19.039;20.320;17.643;30.762;32.085;29.030;20151231
AT1;AT13;AT130;90600;.;.;.;.;22.356;25.186;19.534;36.241;39.695;32.112;20151231
AT1;AT13;AT130;90700;.;.;.;.;23.538;26.502;20.689;38.553;41.685;34.891;20151231
AT1;AT13;AT130;90800;.;.;.;.;23.929;27.178;20.754;40.579;44.791;35.588;20151231
AT1;AT13;AT130;90900;.;.;.;.;22.941;26.176;19.858;38.626;42.813;33.823;20151231
AT1;AT13;AT130;91000;.;.;.;.;18.289;19.578;16.752;27.358;28.388;25.747;20151231
AT1;AT13;AT130;91100;.;.;.;.;19.627;21.456;17.560;27.713;29.003;25.705;20151231
AT1;AT13;AT130;91200;.;.;.;.;18.873;20.227;17.338;28.820;30.087;26.987;20151231
AT1;AT13;AT130;91300;.;.;.;.;28.199;34.095;22.612;42.137;47.922;34.836;20151231
AT1;AT13;AT130;91400;.;.;.;.;22.534;25.127;19.852;33.275;35.704;29.983;20151231
AT1;AT13;AT130;91500;.;.;.;.;16.823;17.703;15.795;27.040;27.868;25.854;20151231
AT1;AT13;AT130;91600;.;.;.;.;18.887;20.151;17.493;29.398;30.607;27.713;20151231
AT1;AT13;AT130;91700;.;.;.;.;20.026;22.051;17.836;32.003;34.119;29.060;20151231
AT1;AT13;AT130;91800;.;.;.;.;24.347;28.392;20.539;39.921;44.511;34.299;20151231
AT1;AT13;AT130;91900;.;.;.;.;25.675;30.760;20.703;41.011;46.432;33.929;20151231
AT1;AT13;AT130;92000;.;.;.;.;17.912;18.936;16.725;27.672;28.428;26.564;20151231
AT1;AT13;AT130;92100;.;.;.;.;21.317;23.604;18.878;29.989;31.762;27.418;20151231
AT1;AT13;AT130;92200;.;.;.;.;22.973;26.104;19.790;31.590;33.803;28.392;20151231
AT1;AT13;AT130;92300;.;.;.;.;24.265;27.829;20.657;33.857;36.645;29.920;20151231
AT1;AT13;AT130;90100;.;.;.;.;34.748;44.494;25.284;58.783;70.302;44.708;20161231
AT1;AT13;AT130;90200;.;.;.;.;21.177;23.053;19.093;33.896;35.570;31.509;20161231
AT1;AT13;AT130;90300;.;.;.;.;24.267;27.273;21.230;38.270;41.265;34.426;20161231
AT1;AT13;AT130;90400;.;.;.;.;24.719;28.089;21.249;42.001;46.127;36.760;20161231
AT1;AT13;AT130;90500;.;.;.;.;19.794;21.035;18.422;32.602;33.865;30.883;20161231
AT1;AT13;AT130;90600;.;.;.;.;23.150;25.928;20.390;38.539;41.819;34.588;20161231
AT1;AT13;AT130;90700;.;.;.;.;24.327;27.280;21.484;40.836;43.910;37.218;20161231
AT1;AT13;AT130;90800;.;.;.;.;24.523;27.806;21.315;42.871;47.111;37.753;20161231
AT1;AT13;AT130;90900;.;.;.;.;23.720;26.709;20.819;40.489;44.031;36.351;20161231
AT1;AT13;AT130;91000;.;.;.;.;19.047;20.383;17.442;29.100;29.992;27.657;20161231
AT1;AT13;AT130;91100;.;.;.;.;20.374;22.312;18.174;29.482;30.656;27.598;20161231
AT1;AT13;AT130;91200;.;.;.;.;19.779;21.158;18.197;30.608;31.667;29.021;20161231
AT1;AT13;AT130;91300;.;.;.;.;29.402;35.210;23.846;44.573;49.856;37.665;20161231
AT1;AT13;AT130;91400;.;.;.;.;23.520;26.185;20.744;35.323;37.301;32.522;20161231
AT1;AT13;AT130;91500;.;.;.;.;17.528;18.326;16.565;28.837;29.654;27.620;20161231
AT1;AT13;AT130;91600;.;.;.;.;19.702;20.909;18.357;31.200;32.075;29.944;20161231
AT1;AT13;AT130;91700;.;.;.;.;20.935;22.878;18.823;34.227;36.029;31.642;20161231
AT1;AT13;AT130;91800;.;.;.;.;25.137;28.781;21.703;41.339;45.008;36.760;20161231
AT1;AT13;AT130;91900;.;.;.;.;26.607;31.756;21.515;43.744;49.122;36.530;20161231
AT1;AT13;AT130;92000;.;.;.;.;18.515;19.534;17.318;29.448;30.104;28.455;20161231
AT1;AT13;AT130;92100;.;.;.;.;22.330;24.649;19.853;32.042;33.674;29.641;20161231
AT1;AT13;AT130;92200;.;.;.;.;24.213;27.406;20.960;33.812;35.817;30.854;20161231
AT1;AT13;AT130;92300;.;.;.;.;25.257;28.796;21.612;35.917;38.601;32.007;20161231
AT1;AT13;AT130;90100;.;.;.;.;34.482;43.291;25.836;58.673;69.618;45.487;20171231
AT1;AT13;AT130;90200;.;.;.;.;21.527;23.329;19.507;34.509;36.173;32.110;20171231
AT1;AT13;AT130;90300;.;.;.;.;24.525;27.449;21.536;38.748;41.584;35.052;20171231
AT1;AT13;AT130;90400;.;.;.;.;25.325;28.646;21.863;43.009;47.189;37.648;20171231
AT1;AT13;AT130;90500;.;.;.;.;20.056;21.191;18.788;32.763;33.791;31.365;20171231
AT1;AT13;AT130;90600;.;.;.;.;23.570;26.170;20.951;39.167;42.143;35.490;20171231
AT1;AT13;AT130;90700;.;.;.;.;24.654;27.563;21.812;41.149;44.324;37.367;20171231
AT1;AT13;AT130;90800;.;.;.;.;24.464;27.658;21.325;42.497;46.203;37.940;20171231
AT1;AT13;AT130;90900;.;.;.;.;24.091;26.974;21.263;41.214;44.689;37.079;20171231
AT1;AT13;AT130;91000;.;.;.;.;19.122;20.464;17.481;29.356;30.157;28.008;20171231
AT1;AT13;AT130;91100;.;.;.;.;20.568;22.493;18.365;29.771;30.924;27.889;20171231
AT1;AT13;AT130;91200;.;.;.;.;20.083;21.449;18.502;31.107;31.947;29.824;20171231
AT1;AT13;AT130;91300;.;.;.;.;29.357;34.920;23.979;44.721;50.016;37.699;20171231
AT1;AT13;AT130;91400;.;.;.;.;23.726;26.262;21.066;35.699;37.635;32.944;20171231
AT1;AT13;AT130;91500;.;.;.;.;17.893;18.729;16.884;29.239;29.888;28.250;20171231
AT1;AT13;AT130;91600;.;.;.;.;19.860;21.056;18.505;31.464;32.349;30.161;20171231
AT1;AT13;AT130;91700;.;.;.;.;21.091;22.962;19.047;34.540;36.242;32.064;20171231
AT1;AT13;AT130;91800;.;.;.;.;25.560;29.294;22.026;42.047;45.869;37.289;20171231
AT1;AT13;AT130;91900;.;.;.;.;26.728;31.641;21.886;43.836;48.690;37.241;20171231
AT1;AT13;AT130;92000;.;.;.;.;18.738;19.742;17.544;29.820;30.380;28.950;20171231
AT1;AT13;AT130;92100;.;.;.;.;22.338;24.588;19.923;32.220;33.776;29.890;20171231
AT1;AT13;AT130;92200;.;.;.;.;24.427;27.641;21.140;34.228;36.265;31.184;20171231
AT1;AT13;AT130;92300;.;.;.;.;25.209;28.658;21.658;35.950;38.424;32.304;20171231
AT1;AT13;AT130;90100;.;.;.;.;33.256;39.889;26.266;59.127;69.163;46.858;20181231
AT1;AT13;AT130;90200;.;.;.;.;22.286;24.349;19.975;34.977;36.627;32.525;20181231
AT1;AT13;AT130;90300;.;.;.;.;24.172;26.577;21.614;38.579;40.882;35.488;20181231
AT1;AT13;AT130;90400;.;.;.;.;25.878;29.397;22.219;43.797;48.224;38.123;20181231
AT1;AT13;AT130;90500;.;.;.;.;20.479;21.832;18.972;33.577;34.846;31.823;20181231
AT1;AT13;AT130;90600;.;.;.;.;23.971;26.700;21.223;40.104;43.040;36.439;20181231
AT1;AT13;AT130;90700;.;.;.;.;25.100;27.920;22.355;41.540;44.190;38.324;20181231
AT1;AT13;AT130;90800;.;.;.;.;25.142;28.198;22.088;44.089;47.844;39.398;20181231
AT1;AT13;AT130;90900;.;.;.;.;24.701;27.464;22.029;41.763;44.816;38.129;20181231
AT1;AT13;AT130;91000;.;.;.;.;19.478;20.761;17.864;29.692;30.407;28.449;20181231
AT1;AT13;AT130;91100;.;.;.;.;21.606;23.712;19.220;30.315;31.435;28.457;20181231
AT1;AT13;AT130;91200;.;.;.;.;20.537;22.004;18.823;31.530;32.454;30.072;20181231
AT1;AT13;AT130;91300;.;.;.;.;29.575;34.726;24.497;44.737;49.167;38.613;20181231
AT1;AT13;AT130;91400;.;.;.;.;23.755;26.011;21.325;35.812;37.620;33.196;20181231
AT1;AT13;AT130;91500;.;.;.;.;18.528;19.391;17.471;29.733;30.321;28.803;20181231
AT1;AT13;AT130;91600;.;.;.;.;21.168;22.486;19.662;32.239;33.058;30.994;20181231
AT1;AT13;AT130;91700;.;.;.;.;22.386;24.568;20.035;35.278;37.077;32.669;20181231
AT1;AT13;AT130;91800;.;.;.;.;26.770;30.714;23.040;42.676;46.605;37.756;20181231
AT1;AT13;AT130;91900;.;.;.;.;28.004;33.340;22.768;44.448;49.618;37.464;20181231
AT1;AT13;AT130;92000;.;.;.;.;18.674;19.619;17.515;30.100;30.463;29.507;20181231
AT1;AT13;AT130;92100;.;.;.;.;23.220;25.578;20.686;32.917;34.416;30.640;20181231
AT1;AT13;AT130;92200;.;.;.;.;25.323;28.659;21.932;34.911;36.947;31.847;20181231
AT1;AT13;AT130;92300;.;.;.;.;26.063;29.719;22.350;36.394;38.796;32.805;20181231
